tool,phase,scope,mode,n,mean_s,sd_s,min_s,max_s,peak_rss_mib
PRSice,setup,-,apptainer,3,54.1,0.38,53.79,54.52,
PRSice,exec,genome-wide,apptainer,3,8.6,0.26,8.36,8.87,237.0
PRS-CSx,setup,-,apptainer,3,22.14,0.99,21.16,23.13,
PRS-CSx,exec,genome-wide,apptainer,3,3012.05,31.32,2986.15,3046.86,736.5
SDPRX,setup,-,apptainer,3,74.16,1.91,72.95,76.36,
SDPRX,exec,genome-wide,apptainer,3,4274.0,92.24,4171.0,4349.0,1538.5
TL-PRS,setup,-,apptainer,3,102.87,0.95,102.25,103.96,
TL-PRS,exec,genome-wide,apptainer,3,319.59,3.16,317.26,323.18,991.6
XPASS,setup,-,apptainer,3,107.12,2.5,104.69,109.69,
XPASS,exec,genome-wide,apptainer,3,92.48,3.36,90.35,96.35,9876.6
XPASS+,setup,-,apptainer,3,111.09,0.86,110.1,111.69,
XPASS+,exec,genome-wide,apptainer,3,110.95,5.82,107.48,117.67,8663.3
BridgePRS,setup,-,apptainer,3,79.69,0.72,78.96,80.39,
BridgePRS,exec,genome-wide,apptainer,3,2609.48,52.44,2568.86,2668.68,2363.4
JointPRS,setup,-,apptainer,3,39.28,0.76,38.51,40.02,
JointPRS,exec,genome-wide,apptainer,3,2758.96,70.24,2679.14,2811.3,735.0
CT-SLEB,setup,-,apptainer,3,112.26,5.91,106.61,118.4,
CT-SLEB,exec,genome-wide,apptainer,3,1631.74,58.86,1580.01,1695.78,3025.5
XP-BLUP,setup,-,apptainer,3,11.12,0.22,10.93,11.36,
XP-BLUP,exec,genome-wide,apptainer,3,193.1,0.88,192.09,193.68,2666.4
