tool,level,comparison,n,sha_match,pearson_r,spearman_rho,max_abs_diff,top10,pearson_range,spearman_range,top10_range
SDPRX,per-individual,native vs Docker,3140,no,0.9131857101469159,0.9040904578342883,8.23305e-06,0.7197452229299363,,,
SDPRX,per-individual,native vs Apptainer,3140,no,0.9145747297266902,0.906697162817865,6.8562140000000005e-06,0.7006369426751592,,,
SDPRX,per-individual,Docker vs Apptainer,3140,no,0.9122617283931608,0.9049360451472055,6.658779e-06,0.7229299363057324,,,
SDPRX,per-individual,within-env (Apptainer rep vs rep),3140,-,0.9126494816825711,0.9045235506296008,7.518153333333333e-06,0.7038216560509554,"[0.911656, 0.913421]","[0.901770, 0.906707]","[0.6879, 0.7134]"
SDPRX,per-SNP,native vs Docker,131604,no,0.8190370826133313,0.4180150812629513,0.0459447600637104,0.42203647416413376,,,
SDPRX,per-SNP,native vs Apptainer,131604,no,0.8241635252445737,0.417021876120876,0.045396526670422696,0.42537993920972644,,,
SDPRX,per-SNP,Docker vs Apptainer,131604,no,0.8268186531169169,0.41210483271343856,0.0488193667633861,0.41322188449848024,,,
SDPRX,per-SNP,within-env (Apptainer rep vs rep),131604,-,0.8201885942024608,0.4148574282403277,0.05120337021968555,0.4153242147922999,"[0.818686, 0.822211]","[0.414083, 0.415441]","[0.4128, 0.4180]"
BridgePRS,per-individual,native vs Docker,1566,no,0.9999999999996845,1.0,5.270611490026944e-07,1.0,,,
BridgePRS,per-individual,native vs Apptainer,1566,no,0.9999999999998601,1.0,3.506381139883885e-07,1.0,,,
BridgePRS,per-individual,Docker vs Apptainer,1566,no,0.9999999999999647,1.0,1.764230350143059e-07,1.0,,,
BridgePRS,per-individual,within-env (Apptainer rep vs rep),1566,-,0.9999999999999257,1.0,2.1690204132784885e-07,1.0,"[1.000000, 1.000000]","[1.000000, 1.000000]","[1.0000, 1.0000]"
BridgePRS,per-SNP,native vs Docker,22320,no,0.9999999999994864,0.9999999999870495,2.315667879931177e-08,1.0,,,
BridgePRS,per-SNP,native vs Apptainer,22320,no,0.9999999999997723,0.9999999999935246,1.5405449999873755e-08,1.0,,,
BridgePRS,per-SNP,Docker vs Apptainer,22320,no,0.9999999999999424,0.9999999999935246,7.751228799438015e-09,1.0,,,
BridgePRS,per-SNP,within-env (Apptainer rep vs rep),22320,-,0.9999999999998789,0.999999999995683,9.529692933501107e-09,1.0,"[1.000000, 1.000000]","[1.000000, 1.000000]","[1.0000, 1.0000]"
