tool,score_file,n,sha_match,sha256_native,sha256_docker,pearson_r,spearman_rho,max_abs_diff,top10pct_overlap
PRSice,PRSice.best,3140,YES,f1ba348aeab22b31afff53b3cbf9cfbc1f9d3960c96e31b528176fc626d121b8,f1ba348aeab22b31afff53b3cbf9cfbc1f9d3960c96e31b528176fc626d121b8,1.0,1.0,0.0,1.0
PRS-CSx,plink .profile,3140,YES,11b7b2246319c8b6bebed55af36021f184fbb2fe0d7ea3993f7499c3d52f55e3,11b7b2246319c8b6bebed55af36021f184fbb2fe0d7ea3993f7499c3d52f55e3,1.0,1.0,0.0,1.0
SDPRX,plink .profile,3140,no,f0741fa17372798351c2d11d6339a3754c3002c25a7e76aa511edac5ec006aab,25495c3c321b3ce5437a9a87a1c0a8c61e5162274d50b8179dfe5c54542d91ef,0.9131857101469159,0.9040904578342883,8.23305e-06,0.7197452229299363
TL-PRS,plink .profile,3140,YES,5da1cd0fbaba5047679a7dacc212b4b70a6d7f601def85df6565474aa31579e9,5da1cd0fbaba5047679a7dacc212b4b70a6d7f601def85df6565474aa31579e9,1.0,1.0,0.0,1.0
XPASS,xpass_PRS.txt,2000,YES,1732525082a2795a36bd1206437c504c837908fcc20a2c4f9975a00d206ea3fe,1732525082a2795a36bd1206437c504c837908fcc20a2c4f9975a00d206ea3fe,1.0,1.0,0.0,1.0
XPASS+,xpass_plus_PRS.txt,2000,YES,fc59d7d126c9da3ab44e6ce5ee457017d5cfe007dfdefa85e44b3733d197c195,fc59d7d126c9da3ab44e6ce5ee457017d5cfe007dfdefa85e44b3733d197c195,1.0,1.0,0.0,1.0
BridgePRS,combined_preds.dat,1566,no,8c97d7673ed4aea173648ae73411b84bd12bb27c5aa1ad49bf363433c9db85cc,9e9ec27f01d58204fa2d676d8232b617ed8ceb4956bd25c842547f1ccad0ca52,0.9999999999996845,1.0,5.270611490026944e-07,1.0
JointPRS,plink .profile,3140,YES,c7b379f198017f64e5b963570d50e03089141f2b5e8bab056d2d9c877cc9bc63,c7b379f198017f64e5b963570d50e03089141f2b5e8bab056d2d9c877cc9bc63,1.0,1.0,0.0,1.0
CT-SLEB,test_individuals.tsv,1258,YES,722dd6a8cc8894fe440778e70f8b4e3e5bb23a6df6175caba5294e9a62fbe860,722dd6a8cc8894fe440778e70f8b4e3e5bb23a6df6175caba5294e9a62fbe860,1.0,1.0,0.0,1.0
XP-BLUP,predict.profile,1258,YES,5f057895ae413504da35bb5a9ec6f91dc29d235cdc5825377fce0f47b964dff8,5f057895ae413504da35bb5a9ec6f91dc29d235cdc5825377fce0f47b964dff8,1.0,1.0,0.0,1.0
