tool,origin,file_laptop,file_hpc,n,sha_match,sha256_laptop,sha256_hpc,pearson_r,spearman_rho,max_abs_diff,top10pct_overlap
PRSice,tool output,runs/prsice/native/PRSice.best,obj1_hpc/runs/prsice/rep1/PRSice.best,3140,YES,f1ba348aeab22b31afff53b3cbf9cfbc1f9d3960c96e31b528176fc626d121b8,f1ba348aeab22b31afff53b3cbf9cfbc1f9d3960c96e31b528176fc626d121b8,1.0,1.0,0.0,1.0
PRS-CSx,derived: plink --score of prscsx_AFR_gw.txt,prscsx_laptop.profile,prscsx_hpc.profile,3140,YES,11b7b2246319c8b6bebed55af36021f184fbb2fe0d7ea3993f7499c3d52f55e3,11b7b2246319c8b6bebed55af36021f184fbb2fe0d7ea3993f7499c3d52f55e3,1.0,1.0,0.0,1.0
SDPRX,derived: plink --score of results_gw_2.txt,sdprx_laptop.profile,sdprx_hpc.profile,3140,no,f0741fa17372798351c2d11d6339a3754c3002c25a7e76aa511edac5ec006aab,b9400331a8a6d7af225b6ffe3a6fb7932982bd3a687b23cc8e373f07b3aaa9e0,0.9145747297266902,0.906697162817865,6.8562140000000005e-06,0.7006369426751592
TL-PRS,tool output,runs/tlprs/native/tlprs_scored.profile,obj1_hpc/runs/tlprs/rep1/tlprs_scored.profile,3140,YES,5da1cd0fbaba5047679a7dacc212b4b70a6d7f601def85df6565474aa31579e9,5da1cd0fbaba5047679a7dacc212b4b70a6d7f601def85df6565474aa31579e9,1.0,1.0,0.0,1.0
XPASS,tool output,runs/xpass/native/xpass_PRS.txt,obj1_hpc/runs/xpass/rep1/xpass_PRS.txt,2000,YES,1732525082a2795a36bd1206437c504c837908fcc20a2c4f9975a00d206ea3fe,1732525082a2795a36bd1206437c504c837908fcc20a2c4f9975a00d206ea3fe,1.0,1.0,0.0,1.0
XPASS+,tool output,runs/xpass+/native/xpass_plus_PRS.txt,obj1_hpc/runs/xpass+/rep1/xpass_plus_PRS.txt,2000,YES,fc59d7d126c9da3ab44e6ce5ee457017d5cfe007dfdefa85e44b3733d197c195,fc59d7d126c9da3ab44e6ce5ee457017d5cfe007dfdefa85e44b3733d197c195,1.0,1.0,0.0,1.0
BridgePRS,tool output,runs/bridgeprs/native/prs-combined_AFR-EUR/AFR_weighted_combined_preds.dat,obj1_hpc/runs/bridgeprs/rep1/prs-combined_AFR-EUR/AFR_weighted_combined_preds.dat,1566,no,8c97d7673ed4aea173648ae73411b84bd12bb27c5aa1ad49bf363433c9db85cc,71bda75ae667db030779c22c880458e4328064e1972ccbf4f374ea704645f7fd,0.99999999999986,1.0,3.506381139883885e-07,1.0
JointPRS,derived: plink --score of jointprs_AFR_gw.txt,jointprs_laptop.profile,jointprs_hpc.profile,3140,YES,c7b379f198017f64e5b963570d50e03089141f2b5e8bab056d2d9c877cc9bc63,c7b379f198017f64e5b963570d50e03089141f2b5e8bab056d2d9c877cc9bc63,1.0,1.0,0.0,1.0
CT-SLEB,tool output,runs/ctsleb/native/test_individuals.tsv,obj1_hpc/runs/ctsleb/rep1/test_individuals.tsv,1258,YES,722dd6a8cc8894fe440778e70f8b4e3e5bb23a6df6175caba5294e9a62fbe860,722dd6a8cc8894fe440778e70f8b4e3e5bb23a6df6175caba5294e9a62fbe860,1.0,1.0,0.0,1.0
XP-BLUP,tool output,runs/xpblup/native/xpblup.predict.profile,obj1_hpc/runs/xpblup/rep1/xpblup.predict.profile,1258,no,5f057895ae413504da35bb5a9ec6f91dc29d235cdc5825377fce0f47b964dff8,629b5ffc88abae7bf81c3f9544cae71f6c7607272cb12da49d0998affc36e1d7,0.9999999999922872,0.999999987944934,2.000000000002e-06,1.0
