tool,level,n,verdict,pearson_r,spearman_rho,top10pct_overlap,max_abs_diff,type,sha256_laptop_native,sha256_hpc_apptainer
PRSice,per-individual,3140,IDENTICAL,1.0,1.0,1.0,0.0,deterministic,f1ba348aeab22b31afff53b3cbf9cfbc1f9d3960c96e31b528176fc626d121b8,f1ba348aeab22b31afff53b3cbf9cfbc1f9d3960c96e31b528176fc626d121b8
PRS-CSx,per-individual,3140,IDENTICAL,1.0,1.0,1.0,0.0,seeded MCMC,11b7b2246319c8b6bebed55af36021f184fbb2fe0d7ea3993f7499c3d52f55e3,11b7b2246319c8b6bebed55af36021f184fbb2fe0d7ea3993f7499c3d52f55e3
SDPRX,per-individual,3140,DIFFER,0.914575,0.906697,0.7006,6.8562140000000005e-06,unseeded MCMC,f0741fa17372798351c2d11d6339a3754c3002c25a7e76aa511edac5ec006aab,b9400331a8a6d7af225b6ffe3a6fb7932982bd3a687b23cc8e373f07b3aaa9e0
TL-PRS,per-individual,3140,IDENTICAL,1.0,1.0,1.0,0.0,deterministic,5da1cd0fbaba5047679a7dacc212b4b70a6d7f601def85df6565474aa31579e9,5da1cd0fbaba5047679a7dacc212b4b70a6d7f601def85df6565474aa31579e9
XPASS,per-individual,2000,IDENTICAL,1.0,1.0,1.0,0.0,deterministic,1732525082a2795a36bd1206437c504c837908fcc20a2c4f9975a00d206ea3fe,1732525082a2795a36bd1206437c504c837908fcc20a2c4f9975a00d206ea3fe
XPASS+,per-individual,2000,IDENTICAL,1.0,1.0,1.0,0.0,deterministic,fc59d7d126c9da3ab44e6ce5ee457017d5cfe007dfdefa85e44b3733d197c195,fc59d7d126c9da3ab44e6ce5ee457017d5cfe007dfdefa85e44b3733d197c195
BridgePRS,per-individual,1566,DIFFER,1.0,1.0,1.0,3.506381139883885e-07,stochastic,8c97d7673ed4aea173648ae73411b84bd12bb27c5aa1ad49bf363433c9db85cc,71bda75ae667db030779c22c880458e4328064e1972ccbf4f374ea704645f7fd
JointPRS,per-individual,3140,IDENTICAL,1.0,1.0,1.0,0.0,seeded MCMC,c7b379f198017f64e5b963570d50e03089141f2b5e8bab056d2d9c877cc9bc63,c7b379f198017f64e5b963570d50e03089141f2b5e8bab056d2d9c877cc9bc63
CT-SLEB,per-individual,1258,IDENTICAL,1.0,1.0,1.0,0.0,seeded ensemble,722dd6a8cc8894fe440778e70f8b4e3e5bb23a6df6175caba5294e9a62fbe860,722dd6a8cc8894fe440778e70f8b4e3e5bb23a6df6175caba5294e9a62fbe860
XP-BLUP,per-individual,1258,DIFFER,1.0,1.0,1.0,2.000000000002e-06,deterministic,5f057895ae413504da35bb5a9ec6f91dc29d235cdc5825377fce0f47b964dff8,629b5ffc88abae7bf81c3f9544cae71f6c7607272cb12da49d0998affc36e1d7
