tool,phase,scope,mode,rep,wall_s,peak_rss_mib
PRSice,setup,-,native,1,527.34,
PRSice,setup,-,docker,1,21.52,
PRSice,setup,-,native,2,524.66,
PRSice,setup,-,docker,2,30.31,
PRSice,setup,-,native,3,435.81,
PRSice,setup,-,docker,3,18.07,
PRSice,exec,genomewide,native,1,9.42,191
PRSice,exec,genomewide,docker,1,15.92,186
PRSice,exec,genomewide,native,2,7.97,191
PRSice,exec,genomewide,docker,2,13.98,186
PRSice,exec,genomewide,native,3,7.27,191
PRSice,exec,genomewide,docker,3,13.26,186
PRS-CSx,setup,-,native,1,125.66,
PRS-CSx,setup,-,docker,1,43.63,
PRS-CSx,setup,-,native,2,109.62,
PRS-CSx,setup,-,docker,2,51.66,
PRS-CSx,setup,-,native,3,153.95,
PRS-CSx,setup,-,docker,3,141.54,
PRS-CSx,exec,genomewide,native,1,6963.12,736
PRS-CSx,exec,genomewide,docker,1,4491.8,737
PRS-CSx,exec,genomewide,native,2,4838.19,736
PRS-CSx,exec,genomewide,docker,2,4711.63,737
PRS-CSx,exec,genomewide,native,3,6489.31,736
PRS-CSx,exec,genomewide,docker,3,5587.02,737
SDPRX,setup,-,native,1,146.79,
SDPRX,setup,-,docker,1,45.53,
SDPRX,setup,-,native,2,158.7,
SDPRX,setup,-,docker,2,13.71,
SDPRX,setup,-,native,3,145.84,
SDPRX,setup,-,docker,3,13.03,
SDPRX,exec,genomewide,native,1,4693.73,1537
SDPRX,exec,genomewide,docker,1,4407.04,1534
SDPRX,exec,genomewide,native,2,4032.74,1537
SDPRX,exec,genomewide,docker,2,4320.96,1534
SDPRX,exec,genomewide,native,3,4110.64,1537
SDPRX,exec,genomewide,docker,3,4397.37,1534
TL-PRS,setup,-,native,1,640.14,
TL-PRS,setup,-,docker,1,155.42,
TL-PRS,setup,-,native,2,719.91,
TL-PRS,setup,-,docker,2,134.2,
TL-PRS,setup,-,native,3,664.92,
TL-PRS,setup,-,docker,3,142.3,
TL-PRS,exec,genomewide,native,1,554.8,1001
TL-PRS,exec,genomewide,docker,1,579.85,988
TL-PRS,exec,genomewide,native,2,689.81,1001
TL-PRS,exec,genomewide,docker,2,381.58,988
TL-PRS,exec,genomewide,native,3,574.71,1001
TL-PRS,exec,genomewide,docker,3,327.26,988
XPASS,setup,-,native,1,754.87,
XPASS,setup,-,docker,1,179.28,
XPASS,setup,-,native,2,626.67,
XPASS,setup,-,docker,2,173.18,
XPASS,setup,-,native,3,780.01,
XPASS,setup,-,docker,3,183.77,
XPASS,exec,genomewide,native,1,218.9,9855
XPASS,exec,genomewide,docker,1,163.88,9734
XPASS,exec,genomewide,native,2,193.05,9855
XPASS,exec,genomewide,docker,2,147.09,9734
XPASS,exec,genomewide,native,3,268.09,9855
XPASS,exec,genomewide,docker,3,126.43,9734
XPASS+,exec,genomewide,native,1,148.02,9727
XPASS+,exec,genomewide,docker,1,154.37,8659
XPASS+,exec,genomewide,native,2,187.74,9727
XPASS+,exec,genomewide,docker,2,137.67,8659
XPASS+,exec,genomewide,native,3,204.96,9727
XPASS+,exec,genomewide,docker,3,144.64,8659
BridgePRS,setup,-,native,1,574.0,
BridgePRS,setup,-,docker,1,196.15,
BridgePRS,setup,-,native,2,335.58,
BridgePRS,setup,-,docker,2,184.37,
BridgePRS,setup,-,native,3,578.02,
BridgePRS,setup,-,docker,3,137.45,
BridgePRS,exec,genomewide,native,1,4332.24,3323
BridgePRS,exec,genomewide,docker,1,5507.44,3311
BridgePRS,exec,genomewide,native,2,4254.83,3323
BridgePRS,exec,genomewide,docker,2,5471.77,3311
BridgePRS,exec,genomewide,native,3,4191.2,3323
BridgePRS,exec,genomewide,docker,3,3534.28,3311
JointPRS,setup,-,native,1,547.1,
JointPRS,setup,-,docker,1,63.59,
JointPRS,setup,-,native,2,893.7,
JointPRS,setup,-,docker,2,50.57,
JointPRS,setup,-,native,3,867.8,
JointPRS,setup,-,docker,3,59.72,
JointPRS,exec,genomewide,native,1,4704.05,735
JointPRS,exec,genomewide,docker,1,5638.21,734
JointPRS,exec,genomewide,native,2,5490.43,735
JointPRS,exec,genomewide,docker,2,5840.57,734
JointPRS,exec,genomewide,native,3,4681.11,735
JointPRS,exec,genomewide,docker,3,4805.57,734
CT-SLEB,setup,-,native,1,452.77,
CT-SLEB,setup,-,docker,1,68.31,
CT-SLEB,setup,-,native,2,486.75,
CT-SLEB,setup,-,docker,2,76.04,
CT-SLEB,setup,-,native,3,568.98,
CT-SLEB,setup,-,docker,3,86.4,
CT-SLEB,exec,genomewide,native,1,2445.33,3117
CT-SLEB,exec,genomewide,docker,1,2902.45,3157
CT-SLEB,exec,genomewide,native,2,3229.33,3117
CT-SLEB,exec,genomewide,docker,2,2953.26,3157
CT-SLEB,exec,genomewide,native,3,3547.13,3117
CT-SLEB,exec,genomewide,docker,3,4042.99,3157
XP-BLUP,setup,-,native,1,64.17,
XP-BLUP,setup,-,docker,1,30.75,
XP-BLUP,setup,-,native,2,57.36,
XP-BLUP,setup,-,docker,2,16.18,
XP-BLUP,setup,-,native,3,57.65,
XP-BLUP,setup,-,docker,3,25.36,
XP-BLUP,exec,genomewide,native,1,210.45,2666
XP-BLUP,exec,genomewide,docker,1,219.65,2665
XP-BLUP,exec,genomewide,native,2,210.83,2666
XP-BLUP,exec,genomewide,docker,2,204.59,2665
XP-BLUP,exec,genomewide,native,3,206.25,2666
XP-BLUP,exec,genomewide,docker,3,206.69,2665
