tool,phase,scope,mode,mean_s,min_s,max_s,peak_rss_mib
PRSice,setup,-,native,495.94,435.81,527.34,
PRSice,setup,-,docker,23.3,18.07,30.31,
PRSice,exec,genomewide,native,8.22,7.27,9.42,191
PRSice,exec,genomewide,docker,14.39,13.26,15.92,186
PRS-CSx,setup,-,native,129.74,109.62,153.95,
PRS-CSx,setup,-,docker,78.94,43.63,141.54,
PRS-CSx,exec,genomewide,native,6096.87,4838.19,6963.12,736
PRS-CSx,exec,genomewide,docker,4930.15,4491.8,5587.02,737
SDPRX,setup,-,native,150.44,145.84,158.7,
SDPRX,setup,-,docker,24.09,13.03,45.53,
SDPRX,exec,genomewide,native,4279.04,4032.74,4693.73,1537
SDPRX,exec,genomewide,docker,4375.12,4320.96,4407.04,1534
TL-PRS,setup,-,native,674.99,640.14,719.91,
TL-PRS,setup,-,docker,143.97,134.2,155.42,
TL-PRS,exec,genomewide,native,606.44,554.8,689.81,1001
TL-PRS,exec,genomewide,docker,429.56,327.26,579.85,988
XPASS,setup,-,native,720.52,626.67,780.01,
XPASS,setup,-,docker,178.74,173.18,183.77,
XPASS,exec,genomewide,native,226.68,193.05,268.09,9855
XPASS,exec,genomewide,docker,145.8,126.43,163.88,9734
XPASS+,exec,genomewide,native,180.24,148.02,204.96,9727
XPASS+,exec,genomewide,docker,145.56,137.67,154.37,8659
BridgePRS,setup,-,native,495.87,335.58,578.02,
BridgePRS,setup,-,docker,172.66,137.45,196.15,
BridgePRS,exec,genomewide,native,4259.42,4191.2,4332.24,3323
BridgePRS,exec,genomewide,docker,4837.83,3534.28,5507.44,3311
JointPRS,setup,-,native,769.53,547.1,893.7,
JointPRS,setup,-,docker,57.96,50.57,63.59,
JointPRS,exec,genomewide,native,4958.53,4681.11,5490.43,735
JointPRS,exec,genomewide,docker,5428.12,4805.57,5840.57,734
CT-SLEB,setup,-,native,502.83,452.77,568.98,
CT-SLEB,setup,-,docker,76.92,68.31,86.4,
CT-SLEB,exec,genomewide,native,3073.93,2445.33,3547.13,3117
CT-SLEB,exec,genomewide,docker,3299.57,2902.45,4042.99,3157
XP-BLUP,setup,-,native,59.73,57.36,64.17,
XP-BLUP,setup,-,docker,24.1,16.18,30.75,
XP-BLUP,exec,genomewide,native,209.18,206.25,210.83,2666
XP-BLUP,exec,genomewide,docker,210.31,204.59,219.65,2665
