tool,image_tag,base_image_tag,tool_source_commit_or_tag,image_sha256,lockfile_filenames,threads,seed
PRSice,chiomab/prsice:v1.0,rocker/r-ver:4.1.2,github.com/choishingwan/PRSice release 2.3.5,df03f8232e8270472e2c73ddd357a43245d854bd8c6d03607132a8937fb5bbda,prsice_R.txt; prsice_system.txt,--thread 4 (run command),none set
PRS-CSx,chiomab/prscsx:v1.2,python:3.8-slim,github.com/getian107/PRScsx @ 37eaeb396245,dc1be542e5d33a06d680d4f0ff78f5f0cfdb43f7cf258463041ba91c14984a34,prscsx_pip.txt; prscsx_system.txt,none set,--seed=42
SDPRX,chiomab/sdprx:v1.0,continuumio/miniconda3 (no tag),github.com/eldronzhou/SDPRX @ 9e507e380aa2,b298b24af6ad23b6a3c3631ad44be37b415ca0e13a91cd209a8898174dbfcb31,sdprx_conda.txt; sdprx_system.txt,--threads 4 (run command),none set (tool has no seed flag)
TL-PRS,chiomab/tl-prs:v1.2,ubuntu:22.04,github.com/ZhangchenZhao/TLPRS @ 6c8d8905f91ce902f0cca8d5465f9952b0b3e274,190ff3f28e52d9234bdeeecbac19056733c51030da5a0abf108cca0887828e58,tl-prs_R.txt; tl-prs_system.txt,OMP/OPENBLAS/MKL=1 (run command),none set
XPASS,chiomab/xpass:v1.3,ubuntu:22.04,github.com/YangLabHKUST/XPASS @ 65877ffba60dce69e0a6aa31c2e61045bf36dc40,b845cb812678926390105639be9528caf2fbc38657887c8abe6f92db3a479e43,xpass_R.txt; xpass_system.txt,BLAS=1 via RhpcBLASctl in run_xpass.R,none set
XPASS+,chiomab/xpass:v1.3 (shared with XPASS),ubuntu:22.04,github.com/YangLabHKUST/XPASS @ 65877ffba60dce69e0a6aa31c2e61045bf36dc40,b845cb812678926390105639be9528caf2fbc38657887c8abe6f92db3a479e43,xpass_R.txt; xpass_system.txt (shared),BLAS=1 via RhpcBLASctl in run_xpass.R,none set
BridgePRS,chiomab/bridgeprs:v1.5,ubuntu:22.04,github.com/clivehoggart/BridgePRS @ 136ca4cfaae6,60fcf6972ce58b97870962ab323941db32cb7f55134b4d1237e622da2a88e4b6,bridgeprs_R.txt; bridgeprs_system.txt,none set,none set
JointPRS,chiomab/jointprs:v1.0,python:3.8-slim,github.com/LeqiXu/JointPRS @ b9a511dad0f79555201382312a5deda6cbe76c36,78d8c787cbf2189453ba8714bdc7d1c5be2a0995617d1371a5954c9bae609207,jointprs_pip.txt; jointprs_system.txt,none set,--seed=42
CT-SLEB,chiomab/ctsleb:v2.0,condaforge/miniforge3:24.9.2-0,github.com/andrewhaoyu/CTSLEB @ 4e3784607b7f0eab4d52d00387bc1d95292cce93,5cd9a7784faf22c248553ef03c62c5df17dafd17262fea31bad7b255a919a8af,ctsleb_conda.txt; ctsleb_R.txt; ctsleb_system.txt,OPENBLAS/OMP=1 (Dockerfile ENV),set.seed(42) in run_ctsleb.R
XP-BLUP,chiomab/xpblup:v1.0,ubuntu:22.04,github.com/tanglab/XP-BLUP @ 1e61724bed4b; GCTA 1.94.4 pinned,62d8252f75cc653405c444282ffb225393239a365a1a0ef923ea8b9937022441,xpblup_system.txt,OMP/OPENBLAS/MKL=1 (run command),none set