filename,sha256,n_individuals,columns,score_column
jointprs_docker.profile,c7b379f198017f64e5b963570d50e03089141f2b5e8bab056d2d9c877cc9bc63,3140,FID IID PHENO CNT CNT2 SCORE,SCORE
jointprs_hpc.profile,c7b379f198017f64e5b963570d50e03089141f2b5e8bab056d2d9c877cc9bc63,3140,FID IID PHENO CNT CNT2 SCORE,SCORE
jointprs_laptop.profile,c7b379f198017f64e5b963570d50e03089141f2b5e8bab056d2d9c877cc9bc63,3140,FID IID PHENO CNT CNT2 SCORE,SCORE
prscsx_docker.profile,11b7b2246319c8b6bebed55af36021f184fbb2fe0d7ea3993f7499c3d52f55e3,3140,FID IID PHENO CNT CNT2 SCORE,SCORE
prscsx_hpc.profile,11b7b2246319c8b6bebed55af36021f184fbb2fe0d7ea3993f7499c3d52f55e3,3140,FID IID PHENO CNT CNT2 SCORE,SCORE
prscsx_laptop.profile,11b7b2246319c8b6bebed55af36021f184fbb2fe0d7ea3993f7499c3d52f55e3,3140,FID IID PHENO CNT CNT2 SCORE,SCORE
sdprx_docker.profile,25495c3c321b3ce5437a9a87a1c0a8c61e5162274d50b8179dfe5c54542d91ef,3140,FID IID PHENO CNT CNT2 SCORE,SCORE
sdprx_hpc.profile,b9400331a8a6d7af225b6ffe3a6fb7932982bd3a687b23cc8e373f07b3aaa9e0,3140,FID IID PHENO CNT CNT2 SCORE,SCORE
sdprx_hpc_rep2.profile,6072c5ae4f118beb3c6a21d0949419444cfc3469551e8130ba64054a79dd56a8,3140,FID IID PHENO CNT CNT2 SCORE,SCORE
sdprx_hpc_rep3.profile,394a028e94d501b3197ba0ff4a630fcf3e3106a61b6bca332fd23718fa7ee223,3140,FID IID PHENO CNT CNT2 SCORE,SCORE
sdprx_laptop.profile,f0741fa17372798351c2d11d6339a3754c3002c25a7e76aa511edac5ec006aab,3140,FID IID PHENO CNT CNT2 SCORE,SCORE
