tool,score_file,origin,n_individuals,sha256_native,sha256_docker,sha256_apptainer,all_three_identical
PRSice,PRSice.best,tool output,3140,f1ba348aeab22b31afff53b3cbf9cfbc1f9d3960c96e31b528176fc626d121b8,f1ba348aeab22b31afff53b3cbf9cfbc1f9d3960c96e31b528176fc626d121b8,f1ba348aeab22b31afff53b3cbf9cfbc1f9d3960c96e31b528176fc626d121b8,yes
PRS-CSx,prscsx_AFR_gw.profile,derived: plink --score of prscsx_AFR_gw.txt,3140,11b7b2246319c8b6bebed55af36021f184fbb2fe0d7ea3993f7499c3d52f55e3,11b7b2246319c8b6bebed55af36021f184fbb2fe0d7ea3993f7499c3d52f55e3,11b7b2246319c8b6bebed55af36021f184fbb2fe0d7ea3993f7499c3d52f55e3,yes
SDPRX,sdprx_AFR_gw.profile,derived: plink --score of results_gw_2.txt,3140,f0741fa17372798351c2d11d6339a3754c3002c25a7e76aa511edac5ec006aab,25495c3c321b3ce5437a9a87a1c0a8c61e5162274d50b8179dfe5c54542d91ef,b9400331a8a6d7af225b6ffe3a6fb7932982bd3a687b23cc8e373f07b3aaa9e0,no
TL-PRS,tlprs_scored.profile,tool output,3140,5da1cd0fbaba5047679a7dacc212b4b70a6d7f601def85df6565474aa31579e9,5da1cd0fbaba5047679a7dacc212b4b70a6d7f601def85df6565474aa31579e9,5da1cd0fbaba5047679a7dacc212b4b70a6d7f601def85df6565474aa31579e9,yes
XPASS,xpass_PRS.txt,tool output,2000,1732525082a2795a36bd1206437c504c837908fcc20a2c4f9975a00d206ea3fe,1732525082a2795a36bd1206437c504c837908fcc20a2c4f9975a00d206ea3fe,1732525082a2795a36bd1206437c504c837908fcc20a2c4f9975a00d206ea3fe,yes
XPASS+,xpass_plus_PRS.txt,tool output,2000,fc59d7d126c9da3ab44e6ce5ee457017d5cfe007dfdefa85e44b3733d197c195,fc59d7d126c9da3ab44e6ce5ee457017d5cfe007dfdefa85e44b3733d197c195,fc59d7d126c9da3ab44e6ce5ee457017d5cfe007dfdefa85e44b3733d197c195,yes
BridgePRS,AFR_weighted_combined_preds.dat,tool output,1566,8c97d7673ed4aea173648ae73411b84bd12bb27c5aa1ad49bf363433c9db85cc,9e9ec27f01d58204fa2d676d8232b617ed8ceb4956bd25c842547f1ccad0ca52,71bda75ae667db030779c22c880458e4328064e1972ccbf4f374ea704645f7fd,no
JointPRS,jointprs_AFR_gw.profile,derived: plink --score of jointprs_AFR_gw.txt,3140,c7b379f198017f64e5b963570d50e03089141f2b5e8bab056d2d9c877cc9bc63,c7b379f198017f64e5b963570d50e03089141f2b5e8bab056d2d9c877cc9bc63,c7b379f198017f64e5b963570d50e03089141f2b5e8bab056d2d9c877cc9bc63,yes
CT-SLEB,test_individuals.tsv,tool output,1258,722dd6a8cc8894fe440778e70f8b4e3e5bb23a6df6175caba5294e9a62fbe860,722dd6a8cc8894fe440778e70f8b4e3e5bb23a6df6175caba5294e9a62fbe860,722dd6a8cc8894fe440778e70f8b4e3e5bb23a6df6175caba5294e9a62fbe860,yes
XP-BLUP,xpblup.predict.profile,tool output,1258,5f057895ae413504da35bb5a9ec6f91dc29d235cdc5825377fce0f47b964dff8,5f057895ae413504da35bb5a9ec6f91dc29d235cdc5825377fce0f47b964dff8,629b5ffc88abae7bf81c3f9544cae71f6c7607272cb12da49d0998affc36e1d7,no
